map_type,seed,workspace_size,density_level,obstacle_size_level,density_mode,decomp_method,metric,attempt_count,success_count,success_rate,sample_count,q1,median,q3,variance,mean,min,max
narrows,0,5.0,dense,medium,area_coverage,acd,success,1,1,1.0,1,1.0,1.0,1.0,0.0,1.0,1.0,1.0
narrows,0,5.0,dense,medium,area_coverage,acd,t_decomp,1,1,1.0,1,0.8323139330004778,0.8323139330004778,0.8323139330004778,0.0,0.8323139330004778,0.8323139330004778,0.8323139330004778
narrows,0,5.0,dense,medium,area_coverage,acd,t_solve,1,1,1.0,1,0.7941909969995322,0.7941909969995322,0.7941909969995322,0.0,0.7941909969995322,0.7941909969995322,0.7941909969995322
narrows,0,5.0,dense,medium,area_coverage,acd,t_model_build,1,1,1.0,1,0.04104648999964411,0.04104648999964411,0.04104648999964411,0.0,0.04104648999964411,0.04104648999964411,0.04104648999964411
narrows,0,5.0,dense,medium,area_coverage,acd,t_gcs_wall,1,1,1.0,1,0.7515236639992509,0.7515236639992509,0.7515236639992509,0.0,0.7515236639992509,0.7515236639992509,0.7515236639992509
narrows,0,5.0,dense,medium,area_coverage,acd,optimizer_time,1,1,1.0,1,0.030216934000236506,0.030216934000236506,0.030216934000236506,0.0,0.030216934000236506,0.030216934000236506,0.030216934000236506
narrows,0,5.0,dense,medium,area_coverage,acd,traj_time,1,1,1.0,1,24.635627141359933,24.635627141359933,24.635627141359933,0.0,24.635627141359933,24.635627141359933,24.635627141359933
narrows,0,5.0,dense,medium,area_coverage,acd,num_regions,1,1,1.0,1,15.0,15.0,15.0,0.0,15.0,15.0,15.0
narrows,0,5.0,dense,medium,area_coverage,acd,num_edges,1,1,1.0,1,20.0,20.0,20.0,0.0,20.0,20.0,20.0
narrows,0,5.0,dense,medium,area_coverage,acd,region_density,1,1,1.0,1,0.6,0.6,0.6,0.0,0.6,0.6,0.6
narrows,0,5.0,dense,medium,area_coverage,acd,edge_density,1,1,1.0,1,0.8,0.8,0.8,0.0,0.8,0.8,0.8
narrows,0,5.0,dense,medium,area_coverage,acd,optimal_cost,1,1,1.0,1,108.85948546823121,108.85948546823121,108.85948546823121,0.0,108.85948546823121,108.85948546823121,108.85948546823121
narrows,0,5.0,dense,medium,area_coverage,acd,relaxation_cost,1,1,1.0,1,106.83317772763903,106.83317772763903,106.83317772763903,0.0,106.83317772763903,106.83317772763903,106.83317772763903
narrows,0,5.0,dense,medium,area_coverage,acd,rounded_cost,1,1,1.0,1,108.85948546823121,108.85948546823121,108.85948546823121,0.0,108.85948546823121,108.85948546823121,108.85948546823121
narrows,0,5.0,dense,medium,area_coverage,acd,path_length,1,1,1.0,1,15.340150920872627,15.340150920872627,15.340150920872627,0.0,15.340150920872627,15.340150920872627,15.340150920872627
narrows,0,5.0,dense,medium,area_coverage,acd,min_clearance,1,1,1.0,1,0.00038498887758375844,0.00038498887758375844,0.00038498887758375844,0.0,0.00038498887758375844,0.00038498887758375844,0.00038498887758375844
narrows,0,5.0,dense,medium,area_coverage,acd,mean_clearance,1,1,1.0,1,0.3290188555598108,0.3290188555598108,0.3290188555598108,0.0,0.3290188555598108,0.3290188555598108,0.3290188555598108
narrows,0,5.0,dense,medium,area_coverage,acd,smoothness_proxy,1,1,1.0,1,0.0015007452317035246,0.0015007452317035246,0.0015007452317035246,0.0,0.0015007452317035246,0.0015007452317035246,0.0015007452317035246
narrows,0,5.0,dense,medium,area_coverage,acd,max_speed_sampled,1,1,1.0,1,1.0769300830932425,1.0769300830932425,1.0769300830932425,0.0,1.0769300830932425,1.0769300830932425,1.0769300830932425
narrows,0,5.0,dense,medium,area_coverage,acd,num_active_regions,1,1,1.0,1,11.0,11.0,11.0,0.0,11.0,11.0,11.0
narrows,0,5.0,dense,medium,area_coverage,vcc,success,10,10,1.0,10,1.0,1.0,1.0,0.0,1.0,1.0,1.0
narrows,0,5.0,dense,medium,area_coverage,vcc,t_decomp,10,10,1.0,10,17.807232298749796,18.581594994499937,19.642515395249802,1.628961191798662,18.671715594799842,16.578684909000003,21.10423875699962
narrows,0,5.0,dense,medium,area_coverage,vcc,t_solve,10,10,1.0,10,1.840447191250405,2.294418901500194,2.6542096964994926,0.4026264247165498,2.2117965697001636,1.0846347680007966,3.2078918520001025
narrows,0,5.0,dense,medium,area_coverage,vcc,t_model_build,10,10,1.0,10,0.033836472500524906,0.04083713650015852,0.04498039999975845,5.6826089919770686e-05,0.039813106800102104,0.02628640000057203,0.05293759500000306
narrows,0,5.0,dense,medium,area_coverage,vcc,t_gcs_wall,10,10,1.0,10,1.804710970249971,2.2513001584998165,2.609289284499937,0.39403908334028925,2.1711963319000462,1.0575668210003641,3.1542488550003327
narrows,0,5.0,dense,medium,area_coverage,vcc,optimizer_time,10,10,1.0,10,0.03670292599986169,0.04928526450021309,0.05136863675011227,8.906096983146028e-05,0.04631371429995852,0.032914405999690644,0.06299583199961489
narrows,0,5.0,dense,medium,area_coverage,vcc,traj_time,10,10,1.0,10,25.59464501150964,27.65522125363074,30.624372379276174,7.238180175225234,27.74121487854044,24.121743172667458,31.157792206636145
narrows,0,5.0,dense,medium,area_coverage,vcc,num_regions,10,10,1.0,10,16.0,17.5,19.0,4.24,17.6,14.0,21.0
narrows,0,5.0,dense,medium,area_coverage,vcc,num_edges,10,10,1.0,10,34.0,37.0,46.25,80.63999999999999,39.6,25.0,56.0
narrows,0,5.0,dense,medium,area_coverage,vcc,region_density,10,10,1.0,10,0.64,0.7,0.76,0.006783999999999997,0.704,0.56,0.84
narrows,0,5.0,dense,medium,area_coverage,vcc,edge_density,10,10,1.0,10,1.36,1.48,1.8499999999999999,0.12902400000000003,1.584,1.0,2.24
narrows,0,5.0,dense,medium,area_coverage,vcc,vcc_num_visible_edges,10,10,1.0,10,25893.25,26374.5,26769.25,402152.04,26367.4,25512.0,27445.0
narrows,0,5.0,dense,medium,area_coverage,vcc,vcc_num_cliques,10,10,1.0,10,5.0,5.0,5.0,0.0,5.0,5.0,5.0
narrows,0,5.0,dense,medium,area_coverage,vcc,vcc_coverage_estimate,10,10,1.0,10,0.9735,0.98,0.9835,3.664000000000007e-05,0.9784,0.968,0.986
narrows,0,5.0,dense,medium,area_coverage,vcc,optimal_cost,10,10,1.0,10,104.3170325839581,113.47870367896743,122.85627476061586,76.04963390316145,113.53968038211698,104.0133869057516,124.67440773673016
narrows,0,5.0,dense,medium,area_coverage,vcc,relaxation_cost,10,10,1.0,10,63.07671868401496,64.26544374161956,69.28146771070944,105.90759737188527,69.23561406585137,62.58019806026894,95.75612620525831
narrows,0,5.0,dense,medium,area_coverage,vcc,rounded_cost,10,10,1.0,10,104.3170325839581,113.47870367896743,122.85627476061586,76.04963390316145,113.53968038211698,104.0133869057516,124.67440773673016
narrows,0,5.0,dense,medium,area_coverage,vcc,path_length,10,10,1.0,10,16.639038200414994,16.667880398058152,16.871628076220595,0.014397710774512731,16.73366493452417,16.599405252993947,16.90543168444513
narrows,0,5.0,dense,medium,area_coverage,vcc,min_clearance,10,10,1.0,10,0.00021567318574927663,0.0005310987654435495,0.0009689222044350074,6.920631562148593e-07,0.0008238515707970073,0.00010029191951499426,0.0026484137558173693
narrows,0,5.0,dense,medium,area_coverage,vcc,mean_clearance,10,10,1.0,10,0.5108896795375487,0.5358044899063767,0.543375247901804,0.00025050199598467546,0.5291329663358206,0.5076176623691455,0.5456025135947286
narrows,0,5.0,dense,medium,area_coverage,vcc,smoothness_proxy,10,10,1.0,10,0.0014036469445285608,0.0016862907114769763,0.001715878407576086,3.376951992421383e-08,0.0015956809787453924,0.0013214460814838713,0.0018115410047630457
narrows,0,5.0,dense,medium,area_coverage,vcc,max_speed_sampled,10,10,1.0,10,0.9753004125408651,1.071281829230776,1.106756414931865,0.004525527361350783,1.0472118535266979,0.9482660714816143,1.1125321336128304
narrows,0,5.0,dense,medium,area_coverage,vcc,num_active_regions,10,10,1.0,10,9.0,9.0,9.0,0.0,9.0,9.0,9.0
narrows,1,5.0,dense,medium,area_coverage,acd,success,1,1,1.0,1,1.0,1.0,1.0,0.0,1.0,1.0,1.0
narrows,1,5.0,dense,medium,area_coverage,acd,t_decomp,1,1,1.0,1,0.8269388660000914,0.8269388660000914,0.8269388660000914,0.0,0.8269388660000914,0.8269388660000914,0.8269388660000914
narrows,1,5.0,dense,medium,area_coverage,acd,t_solve,1,1,1.0,1,1.1261441040005593,1.1261441040005593,1.1261441040005593,0.0,1.1261441040005593,1.1261441040005593,1.1261441040005593
narrows,1,5.0,dense,medium,area_coverage,acd,t_model_build,1,1,1.0,1,0.024986938000438386,0.024986938000438386,0.024986938000438386,0.0,0.024986938000438386,0.024986938000438386,0.024986938000438386
narrows,1,5.0,dense,medium,area_coverage,acd,t_gcs_wall,1,1,1.0,1,1.1001590480000232,1.1001590480000232,1.1001590480000232,0.0,1.1001590480000232,1.1001590480000232,1.1001590480000232
narrows,1,5.0,dense,medium,area_coverage,acd,optimizer_time,1,1,1.0,1,0.0453758130006463,0.0453758130006463,0.0453758130006463,0.0,0.0453758130006463,0.0453758130006463,0.0453758130006463
narrows,1,5.0,dense,medium,area_coverage,acd,traj_time,1,1,1.0,1,24.108306475851975,24.108306475851975,24.108306475851975,0.0,24.108306475851975,24.108306475851975,24.108306475851975
narrows,1,5.0,dense,medium,area_coverage,acd,num_regions,1,1,1.0,1,15.0,15.0,15.0,0.0,15.0,15.0,15.0
narrows,1,5.0,dense,medium,area_coverage,acd,num_edges,1,1,1.0,1,22.0,22.0,22.0,0.0,22.0,22.0,22.0
narrows,1,5.0,dense,medium,area_coverage,acd,region_density,1,1,1.0,1,0.6,0.6,0.6,0.0,0.6,0.6,0.6
narrows,1,5.0,dense,medium,area_coverage,acd,edge_density,1,1,1.0,1,0.88,0.88,0.88,0.0,0.88,0.88,0.88
narrows,1,5.0,dense,medium,area_coverage,acd,optimal_cost,1,1,1.0,1,79.60661637993672,79.60661637993672,79.60661637993672,0.0,79.60661637993672,79.60661637993672,79.60661637993672
narrows,1,5.0,dense,medium,area_coverage,acd,relaxation_cost,1,1,1.0,1,78.32264036848157,78.32264036848157,78.32264036848157,0.0,78.32264036848157,78.32264036848157,78.32264036848157
narrows,1,5.0,dense,medium,area_coverage,acd,rounded_cost,1,1,1.0,1,79.60661637993672,79.60661637993672,79.60661637993672,0.0,79.60661637993672,79.60661637993672,79.60661637993672
narrows,1,5.0,dense,medium,area_coverage,acd,path_length,1,1,1.0,1,17.580516846116268,17.580516846116268,17.580516846116268,0.0,17.580516846116268,17.580516846116268,17.580516846116268
narrows,1,5.0,dense,medium,area_coverage,acd,min_clearance,1,1,1.0,1,0.0005236281248695018,0.0005236281248695018,0.0005236281248695018,0.0,0.0005236281248695018,0.0005236281248695018,0.0005236281248695018
narrows,1,5.0,dense,medium,area_coverage,acd,mean_clearance,1,1,1.0,1,0.25183450848720507,0.25183450848720507,0.25183450848720507,0.0,0.25183450848720507,0.25183450848720507,0.25183450848720507
narrows,1,5.0,dense,medium,area_coverage,acd,smoothness_proxy,1,1,1.0,1,0.002788287744258401,0.002788287744258401,0.002788287744258401,0.0,0.002788287744258401,0.002788287744258401,0.002788287744258401
narrows,1,5.0,dense,medium,area_coverage,acd,max_speed_sampled,1,1,1.0,1,1.048220397792147,1.048220397792147,1.048220397792147,0.0,1.048220397792147,1.048220397792147,1.048220397792147
narrows,1,5.0,dense,medium,area_coverage,acd,num_active_regions,1,1,1.0,1,14.0,14.0,14.0,0.0,14.0,14.0,14.0
narrows,1,5.0,dense,medium,area_coverage,vcc,success,10,9,0.9,10,1.0,1.0,1.0,0.09000000000000001,0.9,0.0,1.0
narrows,1,5.0,dense,medium,area_coverage,vcc,t_decomp,10,9,0.9,10,18.486946610249788,19.166389777499717,20.87510106725017,2.9340057838264864,19.7272795898999,17.53080439599944,23.103245336000327
narrows,1,5.0,dense,medium,area_coverage,vcc,t_solve,10,9,0.9,10,2.728480071250033,3.4090636384999016,4.570796777250507,22.19559585999398,5.065878611600056,0.09655259500050306,15.936116078999476
narrows,1,5.0,dense,medium,area_coverage,vcc,t_model_build,10,9,0.9,10,0.04417720675041892,0.04806674499923247,0.059104256500177144,0.000287542454179586,0.05330421519993252,0.03241715100011788,0.08846017599989864
narrows,1,5.0,dense,medium,area_coverage,vcc,t_gcs_wall,10,9,0.9,10,2.68029537800021,3.362312716499673,4.510904207750627,22.049424489643798,5.011846359700121,0.06402613499994914,15.857925899000293
narrows,1,5.0,dense,medium,area_coverage,vcc,optimizer_time,10,9,0.9,10,0.03880564049995883,0.04041395299964279,0.044360999499986065,5.362842202110033e-05,0.0406242548998307,0.024935376000030374,0.05342039599963755
narrows,1,5.0,dense,medium,area_coverage,vcc,traj_time,10,9,0.9,9,25.91031692966963,25.953077079608455,27.382521373606647,3.6343101044322292,26.93182014904111,24.401825770072257,30.23273298145085
narrows,1,5.0,dense,medium,area_coverage,vcc,num_regions,10,9,0.9,10,18.0,19.0,21.5,9.01,19.7,16.0,26.0
narrows,1,5.0,dense,medium,area_coverage,vcc,num_edges,10,9,0.9,10,43.25,48.0,59.0,361.09000000000003,54.1,32.0,95.0
narrows,1,5.0,dense,medium,area_coverage,vcc,region_density,10,9,0.9,10,0.72,0.76,0.86,0.014416000000000007,0.788,0.64,1.04
narrows,1,5.0,dense,medium,area_coverage,vcc,edge_density,10,9,0.9,10,1.73,1.92,2.36,0.577744,2.164,1.28,3.8
narrows,1,5.0,dense,medium,area_coverage,vcc,vcc_num_visible_edges,10,9,0.9,10,25780.5,26448.0,27092.75,395240.89,26436.1,25672.0,27162.0
narrows,1,5.0,dense,medium,area_coverage,vcc,vcc_num_cliques,10,9,0.9,10,5.0,5.0,5.75,0.21000000000000002,5.3,5.0,6.0
narrows,1,5.0,dense,medium,area_coverage,vcc,vcc_coverage_estimate,10,9,0.9,10,0.9644999999999999,0.971,0.9755,3.8600000000000064e-05,0.9710000000000001,0.964,0.98
narrows,1,5.0,dense,medium,area_coverage,vcc,optimal_cost,10,9,0.9,9,90.39736241618898,95.8436070108402,109.94366024946707,126.94822481145992,100.95906211395472,89.95836284269107,117.5001415711691
narrows,1,5.0,dense,medium,area_coverage,vcc,relaxation_cost,10,9,0.9,9,60.23163804250389,60.23306723480677,66.29743405495714,13.064495452869206,62.689839840860614,58.39623810003678,67.01614311904171
narrows,1,5.0,dense,medium,area_coverage,vcc,rounded_cost,10,9,0.9,9,90.39736241618898,95.8436070108402,109.94366024946707,126.94822481145992,100.95906211395472,89.95836284269107,117.5001415711691
narrows,1,5.0,dense,medium,area_coverage,vcc,path_length,10,9,0.9,9,15.800039317348798,16.249220592938794,16.380800515124626,0.09413548451609156,16.12816847650425,15.78066959320571,16.497077969292782
narrows,1,5.0,dense,medium,area_coverage,vcc,min_clearance,10,9,0.9,9,0.00020024032619891943,0.0002120624865202814,0.0010530927199530193,6.795694377515282e-07,0.0006914295010360919,0.00015224171451366786,0.0027534576350796147
narrows,1,5.0,dense,medium,area_coverage,vcc,mean_clearance,10,9,0.9,9,0.3562167803306923,0.4605942256819878,0.47226621312878786,0.0036855870184444076,0.42189091873805284,0.35309020527057294,0.5035187000917669
narrows,1,5.0,dense,medium,area_coverage,vcc,smoothness_proxy,10,9,0.9,9,0.0014365574501518533,0.0015182235554317097,0.0015549339318778866,2.8919250292512455e-08,0.0014597192185844764,0.0011615887876275273,0.001664330870431803
narrows,1,5.0,dense,medium,area_coverage,vcc,max_speed_sampled,10,9,0.9,9,1.0342216070692782,1.034224533535094,1.0663548177199835,0.003094108704469561,1.0262919803465627,0.9294805369846926,1.0910082165226582
narrows,1,5.0,dense,medium,area_coverage,vcc,num_active_regions,10,9,0.9,9,9.0,9.0,9.0,0.0,9.0,9.0,9.0
narrows,2,5.0,dense,medium,area_coverage,acd,success,1,1,1.0,1,1.0,1.0,1.0,0.0,1.0,1.0,1.0
narrows,2,5.0,dense,medium,area_coverage,acd,t_decomp,1,1,1.0,1,0.8177998490000391,0.8177998490000391,0.8177998490000391,0.0,0.8177998490000391,0.8177998490000391,0.8177998490000391
narrows,2,5.0,dense,medium,area_coverage,acd,t_solve,1,1,1.0,1,1.1625260009996055,1.1625260009996055,1.1625260009996055,0.0,1.1625260009996055,1.1625260009996055,1.1625260009996055
narrows,2,5.0,dense,medium,area_coverage,acd,t_model_build,1,1,1.0,1,0.02367128599962598,0.02367128599962598,0.02367128599962598,0.0,0.02367128599962598,0.02367128599962598,0.02367128599962598
narrows,2,5.0,dense,medium,area_coverage,acd,t_gcs_wall,1,1,1.0,1,1.1378574569998818,1.1378574569998818,1.1378574569998818,0.0,1.1378574569998818,1.1378574569998818,1.1378574569998818
narrows,2,5.0,dense,medium,area_coverage,acd,optimizer_time,1,1,1.0,1,0.040807802000017546,0.040807802000017546,0.040807802000017546,0.0,0.040807802000017546,0.040807802000017546,0.040807802000017546
narrows,2,5.0,dense,medium,area_coverage,acd,traj_time,1,1,1.0,1,24.49585415610544,24.49585415610544,24.49585415610544,0.0,24.49585415610544,24.49585415610544,24.49585415610544
narrows,2,5.0,dense,medium,area_coverage,acd,num_regions,1,1,1.0,1,15.0,15.0,15.0,0.0,15.0,15.0,15.0
narrows,2,5.0,dense,medium,area_coverage,acd,num_edges,1,1,1.0,1,22.0,22.0,22.0,0.0,22.0,22.0,22.0
narrows,2,5.0,dense,medium,area_coverage,acd,region_density,1,1,1.0,1,0.6,0.6,0.6,0.0,0.6,0.6,0.6
narrows,2,5.0,dense,medium,area_coverage,acd,edge_density,1,1,1.0,1,0.88,0.88,0.88,0.0,0.88,0.88,0.88
narrows,2,5.0,dense,medium,area_coverage,acd,optimal_cost,1,1,1.0,1,81.86803442672067,81.86803442672067,81.86803442672067,0.0,81.86803442672067,81.86803442672067,81.86803442672067
narrows,2,5.0,dense,medium,area_coverage,acd,relaxation_cost,1,1,1.0,1,80.47905298452753,80.47905298452753,80.47905298452753,0.0,80.47905298452753,80.47905298452753,80.47905298452753
narrows,2,5.0,dense,medium,area_coverage,acd,rounded_cost,1,1,1.0,1,81.86803442672067,81.86803442672067,81.86803442672067,0.0,81.86803442672067,81.86803442672067,81.86803442672067
narrows,2,5.0,dense,medium,area_coverage,acd,path_length,1,1,1.0,1,17.689119030961137,17.689119030961137,17.689119030961137,0.0,17.689119030961137,17.689119030961137,17.689119030961137
narrows,2,5.0,dense,medium,area_coverage,acd,min_clearance,1,1,1.0,1,0.00011587438405569195,0.00011587438405569195,0.00011587438405569195,0.0,0.00011587438405569195,0.00011587438405569195,0.00011587438405569195
narrows,2,5.0,dense,medium,area_coverage,acd,mean_clearance,1,1,1.0,1,0.252049582638103,0.252049582638103,0.252049582638103,0.0,0.252049582638103,0.252049582638103,0.252049582638103
narrows,2,5.0,dense,medium,area_coverage,acd,smoothness_proxy,1,1,1.0,1,0.0029531163082482156,0.0029531163082482156,0.0029531163082482156,0.0,0.0029531163082482156,0.0029531163082482156,0.0029531163082482156
narrows,2,5.0,dense,medium,area_coverage,acd,max_speed_sampled,1,1,1.0,1,1.0493263402137167,1.0493263402137167,1.0493263402137167,0.0,1.0493263402137167,1.0493263402137167,1.0493263402137167
narrows,2,5.0,dense,medium,area_coverage,acd,num_active_regions,1,1,1.0,1,14.0,14.0,14.0,0.0,14.0,14.0,14.0
narrows,2,5.0,dense,medium,area_coverage,vcc,success,10,10,1.0,10,1.0,1.0,1.0,0.0,1.0,1.0,1.0
narrows,2,5.0,dense,medium,area_coverage,vcc,t_decomp,10,10,1.0,10,16.81638428349993,17.88119934949964,20.168464654750096,4.770223249141383,18.005210308799906,14.000297315000353,20.630839331999596
narrows,2,5.0,dense,medium,area_coverage,vcc,t_solve,10,10,1.0,10,1.2244128054999237,2.2630666079999173,3.2613930662500934,1.6506945124302046,2.13828941769998,0.14404332899994188,4.034449755999958
narrows,2,5.0,dense,medium,area_coverage,vcc,t_model_build,10,10,1.0,10,0.027763155249658666,0.03760356749990024,0.052587222249712795,0.00025691069491246595,0.03776753769971038,0.01083996799934539,0.060437311999521626
narrows,2,5.0,dense,medium,area_coverage,vcc,t_gcs_wall,10,10,1.0,10,1.1924827000002551,2.217749577500399,3.21462563724981,1.6117024683895178,2.0997618824000712,0.13250001300002623,3.9732386720006616
narrows,2,5.0,dense,medium,area_coverage,vcc,optimizer_time,10,10,1.0,10,0.03681553200044618,0.038354109000010794,0.04780066274929595,4.4754309945759446e-05,0.042215056100030776,0.035130190999552724,0.053040081999824906
narrows,2,5.0,dense,medium,area_coverage,vcc,traj_time,10,10,1.0,10,26.44090264825571,28.65474376297506,32.62013557870108,12.773128217826141,28.87585348889676,22.22129177193876,32.620319703112465
narrows,2,5.0,dense,medium,area_coverage,vcc,num_regions,10,10,1.0,10,14.5,17.0,20.0,15.25,16.5,9.0,21.0
narrows,2,5.0,dense,medium,area_coverage,vcc,num_edges,10,10,1.0,10,26.75,37.5,49.0,284.75999999999993,36.8,8.0,62.0
narrows,2,5.0,dense,medium,area_coverage,vcc,region_density,10,10,1.0,10,0.5800000000000001,0.6799999999999999,0.8,0.0244,0.6599999999999999,0.36,0.84
narrows,2,5.0,dense,medium,area_coverage,vcc,edge_density,10,10,1.0,10,1.07,1.5,1.96,0.455616,1.472,0.32,2.48
narrows,2,5.0,dense,medium,area_coverage,vcc,vcc_num_visible_edges,10,10,1.0,10,25691.0,26181.0,26413.25,210287.85,26073.5,25262.0,26677.0
narrows,2,5.0,dense,medium,area_coverage,vcc,vcc_num_cliques,10,10,1.0,10,5.0,5.0,5.0,0.0,5.0,5.0,5.0
narrows,2,5.0,dense,medium,area_coverage,vcc,vcc_coverage_estimate,10,10,1.0,10,0.9764999999999999,0.982,0.9835,2.5600000000000046e-05,0.9800000000000001,0.97,0.986
narrows,2,5.0,dense,medium,area_coverage,vcc,optimal_cost,10,10,1.0,10,107.22877361206636,117.6972496441858,128.44976804301234,268.25129969339116,113.94347823594424,80.38158426950704,128.449890122897
narrows,2,5.0,dense,medium,area_coverage,vcc,relaxation_cost,10,10,1.0,10,63.21075922506764,75.28925358052447,80.01404241452647,356.7525502931382,77.75254894666281,62.29000732414097,128.44946721475134
narrows,2,5.0,dense,medium,area_coverage,vcc,rounded_cost,10,10,1.0,10,107.22877361206636,117.6972496441858,128.44976804301234,268.25129969339116,113.94347823594424,80.38158426950704,128.449890122897
narrows,2,5.0,dense,medium,area_coverage,vcc,path_length,10,10,1.0,10,16.571966431815405,16.85023056148999,16.933558062504744,0.1690042819355101,16.648956766855765,15.851467653827815,16.93360740524423
narrows,2,5.0,dense,medium,area_coverage,vcc,min_clearance,10,10,1.0,10,0.001745991226989506,0.003366013905694576,0.003921077081813441,1.5302760130030977e-06,0.002806207536486975,0.000747002307668748,0.003938150122937412
narrows,2,5.0,dense,medium,area_coverage,vcc,mean_clearance,10,10,1.0,10,0.48918360739742367,0.4892410497510229,0.5132467458601291,0.0016175578586620203,0.4831632498272819,0.4011398330380086,0.5216649019550554
narrows,2,5.0,dense,medium,area_coverage,vcc,smoothness_proxy,10,10,1.0,10,0.0012253485488878295,0.0015789877005852237,0.0018378037840720948,9.825683190866709e-08,0.0015588019366948196,0.0012253191662151552,0.002004597859063352
narrows,2,5.0,dense,medium,area_coverage,vcc,max_speed_sampled,10,10,1.0,10,0.8887257434281925,1.0336542688644637,1.0695140908940681,0.007967120270287403,0.9945382122868762,0.8887148187830427,1.1081919710001507
narrows,2,5.0,dense,medium,area_coverage,vcc,num_active_regions,10,10,1.0,10,9.0,9.0,9.0,0.0,9.0,9.0,9.0
narrows,3,5.0,dense,medium,area_coverage,acd,success,1,1,1.0,1,1.0,1.0,1.0,0.0,1.0,1.0,1.0
narrows,3,5.0,dense,medium,area_coverage,acd,t_decomp,1,1,1.0,1,0.8245583480002097,0.8245583480002097,0.8245583480002097,0.0,0.8245583480002097,0.8245583480002097,0.8245583480002097
narrows,3,5.0,dense,medium,area_coverage,acd,t_solve,1,1,1.0,1,0.909923821999655,0.909923821999655,0.909923821999655,0.0,0.909923821999655,0.909923821999655,0.909923821999655
narrows,3,5.0,dense,medium,area_coverage,acd,t_model_build,1,1,1.0,1,0.022939054999369546,0.022939054999369546,0.022939054999369546,0.0,0.022939054999369546,0.022939054999369546,0.022939054999369546
narrows,3,5.0,dense,medium,area_coverage,acd,t_gcs_wall,1,1,1.0,1,0.8861734740003158,0.8861734740003158,0.8861734740003158,0.0,0.8861734740003158,0.8861734740003158,0.8861734740003158
narrows,3,5.0,dense,medium,area_coverage,acd,optimizer_time,1,1,1.0,1,0.036794188000385475,0.036794188000385475,0.036794188000385475,0.0,0.036794188000385475,0.036794188000385475,0.036794188000385475
narrows,3,5.0,dense,medium,area_coverage,acd,traj_time,1,1,1.0,1,23.918499056934102,23.918499056934102,23.918499056934102,0.0,23.918499056934102,23.918499056934102,23.918499056934102
narrows,3,5.0,dense,medium,area_coverage,acd,num_regions,1,1,1.0,1,15.0,15.0,15.0,0.0,15.0,15.0,15.0
narrows,3,5.0,dense,medium,area_coverage,acd,num_edges,1,1,1.0,1,21.0,21.0,21.0,0.0,21.0,21.0,21.0
narrows,3,5.0,dense,medium,area_coverage,acd,region_density,1,1,1.0,1,0.6,0.6,0.6,0.0,0.6,0.6,0.6
narrows,3,5.0,dense,medium,area_coverage,acd,edge_density,1,1,1.0,1,0.84,0.84,0.84,0.0,0.84,0.84,0.84
narrows,3,5.0,dense,medium,area_coverage,acd,optimal_cost,1,1,1.0,1,84.76992378031397,84.76992378031397,84.76992378031397,0.0,84.76992378031397,84.76992378031397,84.76992378031397
narrows,3,5.0,dense,medium,area_coverage,acd,relaxation_cost,1,1,1.0,1,82.83798901110245,82.83798901110245,82.83798901110245,0.0,82.83798901110245,82.83798901110245,82.83798901110245
narrows,3,5.0,dense,medium,area_coverage,acd,rounded_cost,1,1,1.0,1,84.76992378031397,84.76992378031397,84.76992378031397,0.0,84.76992378031397,84.76992378031397,84.76992378031397
narrows,3,5.0,dense,medium,area_coverage,acd,path_length,1,1,1.0,1,16.36657900498957,16.36657900498957,16.36657900498957,0.0,16.36657900498957,16.36657900498957,16.36657900498957
narrows,3,5.0,dense,medium,area_coverage,acd,min_clearance,1,1,1.0,1,5.914236578430376e-05,5.914236578430376e-05,5.914236578430376e-05,0.0,5.914236578430376e-05,5.914236578430376e-05,5.914236578430376e-05
narrows,3,5.0,dense,medium,area_coverage,acd,mean_clearance,1,1,1.0,1,0.24411379333520075,0.24411379333520075,0.24411379333520075,0.0,0.24411379333520075,0.24411379333520075,0.24411379333520075
narrows,3,5.0,dense,medium,area_coverage,acd,smoothness_proxy,1,1,1.0,1,0.00249655542751996,0.00249655542751996,0.00249655542751996,0.0,0.00249655542751996,0.00249655542751996,0.00249655542751996
narrows,3,5.0,dense,medium,area_coverage,acd,max_speed_sampled,1,1,1.0,1,1.0505883884078075,1.0505883884078075,1.0505883884078075,0.0,1.0505883884078075,1.0505883884078075,1.0505883884078075
narrows,3,5.0,dense,medium,area_coverage,acd,num_active_regions,1,1,1.0,1,13.0,13.0,13.0,0.0,13.0,13.0,13.0
narrows,3,5.0,dense,medium,area_coverage,vcc,success,10,7,0.7,10,0.25,1.0,1.0,0.20999999999999996,0.7,0.0,1.0
narrows,3,5.0,dense,medium,area_coverage,vcc,t_decomp,10,7,0.7,10,19.33032835774975,19.817266438999923,23.40761063849982,16.255771163091758,21.640240327299853,17.09880011899986,30.18400058899988
narrows,3,5.0,dense,medium,area_coverage,vcc,t_solve,10,7,0.7,10,0.3354005185005917,2.0649583064996477,5.93995104799933,25.708190211122364,4.09663889939984,0.12418803499986097,16.49424821499997
narrows,3,5.0,dense,medium,area_coverage,vcc,t_model_build,10,7,0.7,10,0.04092703799960873,0.047804592499687715,0.06709534574952158,0.0005015870650759921,0.05644679129982251,0.027470534000713087,0.1012168829993243
narrows,3,5.0,dense,medium,area_coverage,vcc,t_gcs_wall,10,7,0.7,10,0.2863288014996215,2.0210127934997217,5.873715375749953,25.51154600677169,4.039510766299918,0.084212426000704,16.402895547999833
narrows,3,5.0,dense,medium,area_coverage,vcc,optimizer_time,10,7,0.7,10,0.03910421350019533,0.04530015299997103,0.05661688424993372,0.00028306487503986015,0.05035552470008042,0.035932517999754054,0.09382163400005084
narrows,3,5.0,dense,medium,area_coverage,vcc,traj_time,10,7,0.7,7,23.83556784324269,24.06729803295427,25.986519199457128,4.977669932896371,24.705229742729994,20.88466662058654,28.340469460169526
narrows,3,5.0,dense,medium,area_coverage,vcc,num_regions,10,7,0.7,10,17.25,19.0,20.0,10.09,19.1,14.0,26.0
narrows,3,5.0,dense,medium,area_coverage,vcc,num_edges,10,7,0.7,10,41.25,49.0,56.25,320.6,51.0,27.0,95.0
narrows,3,5.0,dense,medium,area_coverage,vcc,region_density,10,7,0.7,10,0.6900000000000001,0.76,0.8,0.016144,0.764,0.56,1.04
narrows,3,5.0,dense,medium,area_coverage,vcc,edge_density,10,7,0.7,10,1.6500000000000001,1.96,2.25,0.51296,2.04,1.08,3.8
narrows,3,5.0,dense,medium,area_coverage,vcc,vcc_num_visible_edges,10,7,0.7,10,26063.5,26270.5,27002.25,451331.16,26525.2,25430.0,27659.0
narrows,3,5.0,dense,medium,area_coverage,vcc,vcc_num_cliques,10,7,0.7,10,5.0,5.0,5.0,0.0,5.0,5.0,5.0
narrows,3,5.0,dense,medium,area_coverage,vcc,vcc_coverage_estimate,10,7,0.7,10,0.9724999999999999,0.975,0.978,5.136000000000009e-05,0.9747999999999999,0.962,0.99
narrows,3,5.0,dense,medium,area_coverage,vcc,optimal_cost,10,7,0.7,7,90.62798160308718,97.34225898768995,102.09812630364556,163.27216078874295,94.62385995579429,69.55480017838116,110.01774471102341
narrows,3,5.0,dense,medium,area_coverage,vcc,relaxation_cost,10,7,0.7,7,51.660484028520116,53.00375918294988,67.77311693290841,176.6887465229651,60.9845175149098,51.43246440475991,83.5881970938018
narrows,3,5.0,dense,medium,area_coverage,vcc,rounded_cost,10,7,0.7,7,90.62798160308718,97.34225898768995,102.09812630364556,163.27216078874295,94.62385995579429,69.55480017838116,110.01774471102341
narrows,3,5.0,dense,medium,area_coverage,vcc,path_length,10,7,0.7,7,14.828841274613815,15.079036922243992,15.081756566583179,0.06917813694745596,14.94461759342111,14.483983934350189,15.228106614959618
narrows,3,5.0,dense,medium,area_coverage,vcc,min_clearance,10,7,0.7,7,9.824061748009427e-05,0.0006285248574839919,0.0023371674501952992,1.3617255445132765e-06,0.0011921218447889753,9.708263715602072e-06,0.0028358036569724465
narrows,3,5.0,dense,medium,area_coverage,vcc,mean_clearance,10,7,0.7,7,0.4416597546347296,0.4828590778435958,0.5085270577474736,0.002907657123756607,0.468653856666529,0.3731117917774956,0.5242325022802047
narrows,3,5.0,dense,medium,area_coverage,vcc,smoothness_proxy,10,7,0.7,7,0.0011693116961243473,0.0012437955591960588,0.0013052026165840222,2.650549791174638e-08,0.0012649705504874803,0.0010629049552409423,0.001599064713558622
narrows,3,5.0,dense,medium,area_coverage,vcc,max_speed_sampled,10,7,0.7,7,1.0400258968839537,1.045021982457447,1.104405328136539,0.0016867043981665163,1.0673580725708942,1.009552119323755,1.128069956174072
narrows,3,5.0,dense,medium,area_coverage,vcc,num_active_regions,10,7,0.7,7,9.0,9.0,9.0,0.0,9.0,9.0,9.0
narrows,4,5.0,dense,medium,area_coverage,acd,success,1,1,1.0,1,1.0,1.0,1.0,0.0,1.0,1.0,1.0
narrows,4,5.0,dense,medium,area_coverage,acd,t_decomp,1,1,1.0,1,0.8513161309992938,0.8513161309992938,0.8513161309992938,0.0,0.8513161309992938,0.8513161309992938,0.8513161309992938
narrows,4,5.0,dense,medium,area_coverage,acd,t_solve,1,1,1.0,1,0.7163046269997722,0.7163046269997722,0.7163046269997722,0.0,0.7163046269997722,0.7163046269997722,0.7163046269997722
narrows,4,5.0,dense,medium,area_coverage,acd,t_model_build,1,1,1.0,1,0.023697352999988652,0.023697352999988652,0.023697352999988652,0.0,0.023697352999988652,0.023697352999988652,0.023697352999988652
narrows,4,5.0,dense,medium,area_coverage,acd,t_gcs_wall,1,1,1.0,1,0.6916951779994633,0.6916951779994633,0.6916951779994633,0.0,0.6916951779994633,0.6916951779994633,0.6916951779994633
narrows,4,5.0,dense,medium,area_coverage,acd,optimizer_time,1,1,1.0,1,0.031700716000159446,0.031700716000159446,0.031700716000159446,0.0,0.031700716000159446,0.031700716000159446,0.031700716000159446
narrows,4,5.0,dense,medium,area_coverage,acd,traj_time,1,1,1.0,1,24.79432704303014,24.79432704303014,24.79432704303014,0.0,24.79432704303014,24.79432704303014,24.79432704303014
narrows,4,5.0,dense,medium,area_coverage,acd,num_regions,1,1,1.0,1,15.0,15.0,15.0,0.0,15.0,15.0,15.0
narrows,4,5.0,dense,medium,area_coverage,acd,num_edges,1,1,1.0,1,20.0,20.0,20.0,0.0,20.0,20.0,20.0
narrows,4,5.0,dense,medium,area_coverage,acd,region_density,1,1,1.0,1,0.6,0.6,0.6,0.0,0.6,0.6,0.6
narrows,4,5.0,dense,medium,area_coverage,acd,edge_density,1,1,1.0,1,0.8,0.8,0.8,0.0,0.8,0.8,0.8
narrows,4,5.0,dense,medium,area_coverage,acd,optimal_cost,1,1,1.0,1,98.61115362266573,98.61115362266573,98.61115362266573,0.0,98.61115362266573,98.61115362266573,98.61115362266573
narrows,4,5.0,dense,medium,area_coverage,acd,relaxation_cost,1,1,1.0,1,97.16185537770536,97.16185537770536,97.16185537770536,0.0,97.16185537770536,97.16185537770536,97.16185537770536
narrows,4,5.0,dense,medium,area_coverage,acd,rounded_cost,1,1,1.0,1,98.61115362266573,98.61115362266573,98.61115362266573,0.0,98.61115362266573,98.61115362266573,98.61115362266573
narrows,4,5.0,dense,medium,area_coverage,acd,path_length,1,1,1.0,1,15.778550020687703,15.778550020687703,15.778550020687703,0.0,15.778550020687703,15.778550020687703,15.778550020687703
narrows,4,5.0,dense,medium,area_coverage,acd,min_clearance,1,1,1.0,1,0.00012747689214887004,0.00012747689214887004,0.00012747689214887004,0.0,0.00012747689214887004,0.00012747689214887004,0.00012747689214887004
narrows,4,5.0,dense,medium,area_coverage,acd,mean_clearance,1,1,1.0,1,0.2917325062705613,0.2917325062705613,0.2917325062705613,0.0,0.2917325062705613,0.2917325062705613,0.2917325062705613
narrows,4,5.0,dense,medium,area_coverage,acd,smoothness_proxy,1,1,1.0,1,0.001690797441414969,0.001690797441414969,0.001690797441414969,0.0,0.001690797441414969,0.001690797441414969,0.001690797441414969
narrows,4,5.0,dense,medium,area_coverage,acd,max_speed_sampled,1,1,1.0,1,1.0438641027977595,1.0438641027977595,1.0438641027977595,0.0,1.0438641027977595,1.0438641027977595,1.0438641027977595
narrows,4,5.0,dense,medium,area_coverage,acd,num_active_regions,1,1,1.0,1,11.0,11.0,11.0,0.0,11.0,11.0,11.0
narrows,4,5.0,dense,medium,area_coverage,vcc,success,10,10,1.0,10,1.0,1.0,1.0,0.0,1.0,1.0,1.0
narrows,4,5.0,dense,medium,area_coverage,vcc,t_decomp,10,10,1.0,10,17.755258702250103,18.36934768600031,20.038456766750187,3.142058996916366,18.6831892481001,15.177252688999943,21.63966855000035
narrows,4,5.0,dense,medium,area_coverage,vcc,t_solve,10,10,1.0,10,0.8203126149996933,1.4557499449997522,1.9213374727503378,1.524717532890199,1.711477079799988,0.15770849399996223,4.220146769000166
narrows,4,5.0,dense,medium,area_coverage,vcc,t_model_build,10,10,1.0,10,0.028446644749692496,0.0341190369999822,0.04066974900047171,0.00020456907108187426,0.036257593300069856,0.012760672000695195,0.06706395800028986
narrows,4,5.0,dense,medium,area_coverage,vcc,t_gcs_wall,10,10,1.0,10,0.7920266927499142,1.4197048729997732,1.8803901635003513,1.4925142732009111,1.674342591400091,0.14418329700038157,4.167015187000288
narrows,4,5.0,dense,medium,area_coverage,vcc,optimizer_time,10,10,1.0,10,0.04386693949959408,0.05214854200039554,0.05888372200001868,8.669068464468498e-05,0.051136115600002086,0.035936614999627636,0.06482838800002355
narrows,4,5.0,dense,medium,area_coverage,vcc,traj_time,10,10,1.0,10,21.160420937700835,22.919439649309318,26.05582169226939,6.388341122172017,23.302384248474777,19.260362625829384,26.415827138488094
narrows,4,5.0,dense,medium,area_coverage,vcc,num_regions,10,10,1.0,10,13.0,14.0,17.75,10.4,15.0,9.0,20.0
narrows,4,5.0,dense,medium,area_coverage,vcc,num_edges,10,10,1.0,10,22.0,26.5,37.75,188.21,30.3,8.0,56.0
narrows,4,5.0,dense,medium,area_coverage,vcc,region_density,10,10,1.0,10,0.52,0.56,0.71,0.016640000000000002,0.6,0.36,0.8
narrows,4,5.0,dense,medium,area_coverage,vcc,edge_density,10,10,1.0,10,0.88,1.06,1.51,0.301136,1.2120000000000002,0.32,2.24
narrows,4,5.0,dense,medium,area_coverage,vcc,vcc_num_visible_edges,10,10,1.0,10,26749.5,27398.5,28240.75,623007.96,27470.2,26478.0,28639.0
narrows,4,5.0,dense,medium,area_coverage,vcc,vcc_num_cliques,10,10,1.0,10,5.0,5.0,5.0,0.0,5.0,5.0,5.0
narrows,4,5.0,dense,medium,area_coverage,vcc,vcc_coverage_estimate,10,10,1.0,10,0.972,0.974,0.9815,3.4240000000000065e-05,0.9763999999999999,0.97,0.988
narrows,4,5.0,dense,medium,area_coverage,vcc,optimal_cost,10,10,1.0,10,71.3152082008439,90.06964246294093,101.21902134233304,216.68831633560666,86.39899798320201,64.86964537913298,102.74264160353482
narrows,4,5.0,dense,medium,area_coverage,vcc,relaxation_cost,10,10,1.0,10,60.93805877652488,66.91965635218922,71.70220695274398,213.76469835367237,70.48648066225697,55.81238157374844,102.74264368865528
narrows,4,5.0,dense,medium,area_coverage,vcc,rounded_cost,10,10,1.0,10,71.3152082008439,90.06964246294093,101.21902134233304,216.68831633560666,86.39899798320201,64.86964537913298,102.74264160353482
narrows,4,5.0,dense,medium,area_coverage,vcc,path_length,10,10,1.0,10,15.256717244821216,15.782657868618315,15.920318289012677,0.11996966388490989,15.599424321025259,15.058182110360086,15.94533508613431
narrows,4,5.0,dense,medium,area_coverage,vcc,min_clearance,10,10,1.0,10,0.000552367154832034,0.0009345420506552404,0.002213619259655908,1.4298090483563792e-06,0.0014669956831214258,0.00034207470313303145,0.003928609286408591
narrows,4,5.0,dense,medium,area_coverage,vcc,mean_clearance,10,10,1.0,10,0.41301798412713064,0.5073940320387276,0.5165037049751371,0.0031825084239282763,0.473018136098625,0.38822250823374815,0.5378036420217014
narrows,4,5.0,dense,medium,area_coverage,vcc,smoothness_proxy,10,10,1.0,10,0.00101625029797678,0.0010363304381034617,0.0011537557145786356,9.807704558235784e-09,0.0010701526115373897,0.0009280648896995798,0.0012289179341716241
narrows,4,5.0,dense,medium,area_coverage,vcc,max_speed_sampled,10,10,1.0,10,1.0214911937435986,1.041095342161352,1.065945978015697,0.0007570451260594631,1.0469803281852146,1.0167649590036916,1.0966938871306773
narrows,4,5.0,dense,medium,area_coverage,vcc,num_active_regions,10,10,1.0,10,9.0,9.0,9.0,0.0,9.0,9.0,9.0
narrows,5,5.0,dense,medium,area_coverage,acd,success,1,1,1.0,1,1.0,1.0,1.0,0.0,1.0,1.0,1.0
narrows,5,5.0,dense,medium,area_coverage,acd,t_decomp,1,1,1.0,1,0.9920851110000513,0.9920851110000513,0.9920851110000513,0.0,0.9920851110000513,0.9920851110000513,0.9920851110000513
narrows,5,5.0,dense,medium,area_coverage,acd,t_solve,1,1,1.0,1,1.2987204359997122,1.2987204359997122,1.2987204359997122,0.0,1.2987204359997122,1.2987204359997122,1.2987204359997122
narrows,5,5.0,dense,medium,area_coverage,acd,t_model_build,1,1,1.0,1,0.029693880999730027,0.029693880999730027,0.029693880999730027,0.0,0.029693880999730027,0.029693880999730027,0.029693880999730027
narrows,5,5.0,dense,medium,area_coverage,acd,t_gcs_wall,1,1,1.0,1,1.2680671899997833,1.2680671899997833,1.2680671899997833,0.0,1.2680671899997833,1.2680671899997833,1.2680671899997833
narrows,5,5.0,dense,medium,area_coverage,acd,optimizer_time,1,1,1.0,1,0.0440620029994534,0.0440620029994534,0.0440620029994534,0.0,0.0440620029994534,0.0440620029994534,0.0440620029994534
narrows,5,5.0,dense,medium,area_coverage,acd,traj_time,1,1,1.0,1,24.230965303132106,24.230965303132106,24.230965303132106,0.0,24.230965303132106,24.230965303132106,24.230965303132106
narrows,5,5.0,dense,medium,area_coverage,acd,num_regions,1,1,1.0,1,15.0,15.0,15.0,0.0,15.0,15.0,15.0
narrows,5,5.0,dense,medium,area_coverage,acd,num_edges,1,1,1.0,1,22.0,22.0,22.0,0.0,22.0,22.0,22.0
narrows,5,5.0,dense,medium,area_coverage,acd,region_density,1,1,1.0,1,0.6,0.6,0.6,0.0,0.6,0.6,0.6
narrows,5,5.0,dense,medium,area_coverage,acd,edge_density,1,1,1.0,1,0.88,0.88,0.88,0.0,0.88,0.88,0.88
narrows,5,5.0,dense,medium,area_coverage,acd,optimal_cost,1,1,1.0,1,79.35111459578857,79.35111459578857,79.35111459578857,0.0,79.35111459578857,79.35111459578857,79.35111459578857
narrows,5,5.0,dense,medium,area_coverage,acd,relaxation_cost,1,1,1.0,1,77.78078876636789,77.78078876636789,77.78078876636789,0.0,77.78078876636789,77.78078876636789,77.78078876636789
narrows,5,5.0,dense,medium,area_coverage,acd,rounded_cost,1,1,1.0,1,79.35111459578857,79.35111459578857,79.35111459578857,0.0,79.35111459578857,79.35111459578857,79.35111459578857
narrows,5,5.0,dense,medium,area_coverage,acd,path_length,1,1,1.0,1,17.658576456648447,17.658576456648447,17.658576456648447,0.0,17.658576456648447,17.658576456648447,17.658576456648447
narrows,5,5.0,dense,medium,area_coverage,acd,min_clearance,1,1,1.0,1,9.996998233230414e-05,9.996998233230414e-05,9.996998233230414e-05,0.0,9.996998233230414e-05,9.996998233230414e-05,9.996998233230414e-05
narrows,5,5.0,dense,medium,area_coverage,acd,mean_clearance,1,1,1.0,1,0.2510823207542591,0.2510823207542591,0.2510823207542591,0.0,0.2510823207542591,0.2510823207542591,0.2510823207542591
narrows,5,5.0,dense,medium,area_coverage,acd,smoothness_proxy,1,1,1.0,1,0.002691817533918986,0.002691817533918986,0.002691817533918986,0.0,0.002691817533918986,0.002691817533918986,0.002691817533918986
narrows,5,5.0,dense,medium,area_coverage,acd,max_speed_sampled,1,1,1.0,1,1.0503149905970095,1.0503149905970095,1.0503149905970095,0.0,1.0503149905970095,1.0503149905970095,1.0503149905970095
narrows,5,5.0,dense,medium,area_coverage,acd,num_active_regions,1,1,1.0,1,14.0,14.0,14.0,0.0,14.0,14.0,14.0
narrows,5,5.0,dense,medium,area_coverage,vcc,success,10,10,1.0,10,1.0,1.0,1.0,0.0,1.0,1.0,1.0
narrows,5,5.0,dense,medium,area_coverage,vcc,t_decomp,10,10,1.0,10,18.895265520749717,21.259278505499424,21.860472980750046,4.835094807433672,20.274133303499912,15.241182890000346,22.820637451999573
narrows,5,5.0,dense,medium,area_coverage,vcc,t_solve,10,10,1.0,10,1.6328492882498722,3.3483362105002925,3.652854746749881,3.629870070409416,3.1054065612999695,0.16372405299989623,6.166945668000153
narrows,5,5.0,dense,medium,area_coverage,vcc,t_model_build,10,10,1.0,10,0.03792459850001251,0.05679496750008184,0.06811240725005518,0.0003626282708512116,0.05139390710000953,0.013759982000010496,0.07019235400002799
narrows,5,5.0,dense,medium,area_coverage,vcc,t_gcs_wall,10,10,1.0,10,1.5898453490003703,3.2862192815005073,3.585690590499553,3.5745103248971857,3.0530905553000593,0.14923503400041227,6.100599649000287
narrows,5,5.0,dense,medium,area_coverage,vcc,optimizer_time,10,10,1.0,10,0.041878446250166235,0.05773037499966449,0.0663840464999339,0.00018738326643055224,0.05620975379988522,0.03864197099937883,0.07835823699952016
narrows,5,5.0,dense,medium,area_coverage,vcc,traj_time,10,10,1.0,10,23.02092903409038,24.156811670476834,28.65088722790255,8.495279607126434,25.358592752722704,22.303025664826738,29.441521153410818
narrows,5,5.0,dense,medium,area_coverage,vcc,num_regions,10,10,1.0,10,15.5,17.5,19.0,11.839999999999998,16.6,9.0,20.0
narrows,5,5.0,dense,medium,area_coverage,vcc,num_edges,10,10,1.0,10,31.25,43.5,51.25,236.08999999999997,38.9,8.0,57.0
narrows,5,5.0,dense,medium,area_coverage,vcc,region_density,10,10,1.0,10,0.62,0.7,0.76,0.018944000000000006,0.6639999999999999,0.36,0.8
narrows,5,5.0,dense,medium,area_coverage,vcc,edge_density,10,10,1.0,10,1.25,1.74,2.05,0.3777439999999999,1.556,0.32,2.28
narrows,5,5.0,dense,medium,area_coverage,vcc,vcc_num_visible_edges,10,10,1.0,10,26008.75,26125.0,26410.5,91919.76,26211.2,25723.0,26748.0
narrows,5,5.0,dense,medium,area_coverage,vcc,vcc_num_cliques,10,10,1.0,10,5.0,5.0,5.0,0.09,5.1,5.0,6.0
narrows,5,5.0,dense,medium,area_coverage,vcc,vcc_coverage_estimate,10,10,1.0,10,0.969,0.976,0.9815,6.916000000000013e-05,0.9758000000000001,0.962,0.992
narrows,5,5.0,dense,medium,area_coverage,vcc,optimal_cost,10,10,1.0,10,86.26987323931377,91.96619243813672,109.38613097725813,207.9784661705452,94.1277900226415,72.96537989374615,112.41812972748382
narrows,5,5.0,dense,medium,area_coverage,vcc,relaxation_cost,10,10,1.0,10,57.6448902440608,59.902482531380684,74.41615028389609,290.11102918619935,68.85620987583819,54.34774294787398,112.41790057895236
narrows,5,5.0,dense,medium,area_coverage,vcc,rounded_cost,10,10,1.0,10,86.26987323931377,91.96619243813672,109.38613097725813,207.9784661705452,94.1277900226415,72.96537989374615,112.41812972748382
narrows,5,5.0,dense,medium,area_coverage,vcc,path_length,10,10,1.0,10,15.88588704037756,16.076998947644324,16.286594773213295,0.047911146947462846,16.06620431487662,15.74472169176102,16.336461553780833
narrows,5,5.0,dense,medium,area_coverage,vcc,min_clearance,10,10,1.0,10,0.0014241716156579431,0.0015759748217220038,0.0016035166068573137,4.004553045926611e-07,0.0013896123925888127,0.00021991325326897737,0.002286759092034574
narrows,5,5.0,dense,medium,area_coverage,vcc,mean_clearance,10,10,1.0,10,0.389571529333994,0.4307946834404838,0.46152592054524244,0.0019676789644837906,0.42764683879060306,0.34892481680327675,0.48106623657213093
narrows,5,5.0,dense,medium,area_coverage,vcc,smoothness_proxy,10,10,1.0,10,0.0012017955927860484,0.0012881914588925266,0.0013648442492147086,1.2663767575013184e-08,0.0013048110999149896,0.001185024815969456,0.0015571614693595075
narrows,5,5.0,dense,medium,area_coverage,vcc,max_speed_sampled,10,10,1.0,10,0.9968127039186918,1.0421086084571018,1.0454980458279117,0.0008375518225955218,1.0273599683474803,0.9843021273255683,1.060350840318975
narrows,5,5.0,dense,medium,area_coverage,vcc,num_active_regions,10,10,1.0,10,9.0,9.0,9.0,0.0,9.0,9.0,9.0
narrows,6,5.0,dense,medium,area_coverage,acd,success,1,1,1.0,1,1.0,1.0,1.0,0.0,1.0,1.0,1.0
narrows,6,5.0,dense,medium,area_coverage,acd,t_decomp,1,1,1.0,1,0.8709390619997066,0.8709390619997066,0.8709390619997066,0.0,0.8709390619997066,0.8709390619997066,0.8709390619997066
narrows,6,5.0,dense,medium,area_coverage,acd,t_solve,1,1,1.0,1,1.1107596279998688,1.1107596279998688,1.1107596279998688,0.0,1.1107596279998688,1.1107596279998688,1.1107596279998688
narrows,6,5.0,dense,medium,area_coverage,acd,t_model_build,1,1,1.0,1,0.023950277000039932,0.023950277000039932,0.023950277000039932,0.0,0.023950277000039932,0.023950277000039932,0.023950277000039932
narrows,6,5.0,dense,medium,area_coverage,acd,t_gcs_wall,1,1,1.0,1,1.0858027160002166,1.0858027160002166,1.0858027160002166,0.0,1.0858027160002166,1.0858027160002166,1.0858027160002166
narrows,6,5.0,dense,medium,area_coverage,acd,optimizer_time,1,1,1.0,1,0.03811568099990836,0.03811568099990836,0.03811568099990836,0.0,0.03811568099990836,0.03811568099990836,0.03811568099990836
narrows,6,5.0,dense,medium,area_coverage,acd,traj_time,1,1,1.0,1,23.86167358048997,23.86167358048997,23.86167358048997,0.0,23.86167358048997,23.86167358048997,23.86167358048997
narrows,6,5.0,dense,medium,area_coverage,acd,num_regions,1,1,1.0,1,15.0,15.0,15.0,0.0,15.0,15.0,15.0
narrows,6,5.0,dense,medium,area_coverage,acd,num_edges,1,1,1.0,1,21.0,21.0,21.0,0.0,21.0,21.0,21.0
narrows,6,5.0,dense,medium,area_coverage,acd,region_density,1,1,1.0,1,0.6,0.6,0.6,0.0,0.6,0.6,0.6
narrows,6,5.0,dense,medium,area_coverage,acd,edge_density,1,1,1.0,1,0.84,0.84,0.84,0.0,0.84,0.84,0.84
narrows,6,5.0,dense,medium,area_coverage,acd,optimal_cost,1,1,1.0,1,88.34394976905031,88.34394976905031,88.34394976905031,0.0,88.34394976905031,88.34394976905031,88.34394976905031
narrows,6,5.0,dense,medium,area_coverage,acd,relaxation_cost,1,1,1.0,1,87.32043142312975,87.32043142312975,87.32043142312975,0.0,87.32043142312975,87.32043142312975,87.32043142312975
narrows,6,5.0,dense,medium,area_coverage,acd,rounded_cost,1,1,1.0,1,88.34394976905031,88.34394976905031,88.34394976905031,0.0,88.34394976905031,88.34394976905031,88.34394976905031
narrows,6,5.0,dense,medium,area_coverage,acd,path_length,1,1,1.0,1,16.53438477361969,16.53438477361969,16.53438477361969,0.0,16.53438477361969,16.53438477361969,16.53438477361969
narrows,6,5.0,dense,medium,area_coverage,acd,min_clearance,1,1,1.0,1,0.00038455590873498485,0.00038455590873498485,0.00038455590873498485,0.0,0.00038455590873498485,0.00038455590873498485,0.00038455590873498485
narrows,6,5.0,dense,medium,area_coverage,acd,mean_clearance,1,1,1.0,1,0.2705649745155392,0.2705649745155392,0.2705649745155392,0.0,0.2705649745155392,0.2705649745155392,0.2705649745155392
narrows,6,5.0,dense,medium,area_coverage,acd,smoothness_proxy,1,1,1.0,1,0.0023168148645264217,0.0023168148645264217,0.0023168148645264217,0.0,0.0023168148645264217,0.0023168148645264217,0.0023168148645264217
narrows,6,5.0,dense,medium,area_coverage,acd,max_speed_sampled,1,1,1.0,1,1.0649956135980159,1.0649956135980159,1.0649956135980159,0.0,1.0649956135980159,1.0649956135980159,1.0649956135980159
narrows,6,5.0,dense,medium,area_coverage,acd,num_active_regions,1,1,1.0,1,13.0,13.0,13.0,0.0,13.0,13.0,13.0
narrows,6,5.0,dense,medium,area_coverage,vcc,success,10,10,1.0,10,1.0,1.0,1.0,0.0,1.0,1.0,1.0
narrows,6,5.0,dense,medium,area_coverage,vcc,t_decomp,10,10,1.0,10,17.98549189849996,20.760318992500288,20.83755577675015,4.8908414375128615,19.540650240000012,15.197569262999423,22.29211888000009
narrows,6,5.0,dense,medium,area_coverage,vcc,t_solve,10,10,1.0,10,1.1545913884999663,2.2957039440007065,4.316936124749645,3.8760669427517485,2.8309543022999604,0.22597908199986705,6.328468633999364
narrows,6,5.0,dense,medium,area_coverage,vcc,t_model_build,10,10,1.0,10,0.03044733249998899,0.0428888335004558,0.05550556024945763,0.000246499562878885,0.04245045069992557,0.014988249999987602,0.06514682799934235
narrows,6,5.0,dense,medium,area_coverage,vcc,t_gcs_wall,10,10,1.0,10,1.1212035655003092,2.255784067499917,4.252307299499989,3.8216833883538532,2.787576080800136,0.21022689900019031,6.272063202000027
narrows,6,5.0,dense,medium,area_coverage,vcc,optimizer_time,10,10,1.0,10,0.043503594749608965,0.04958470950032279,0.05896486825008651,9.375018897924156e-05,0.050602934900052784,0.03668907599967497,0.0673625589997755
narrows,6,5.0,dense,medium,area_coverage,vcc,traj_time,10,10,1.0,10,23.439360434377562,25.788566122849495,29.345267493975932,8.456129360126395,26.11986153444331,22.672043368271417,29.965968820671794
narrows,6,5.0,dense,medium,area_coverage,vcc,num_regions,10,10,1.0,10,14.0,15.5,19.75,11.41,16.3,10.0,21.0
narrows,6,5.0,dense,medium,area_coverage,vcc,num_edges,10,10,1.0,10,25.0,30.5,50.75,252.81,36.3,11.0,62.0
narrows,6,5.0,dense,medium,area_coverage,vcc,region_density,10,10,1.0,10,0.56,0.62,0.79,0.018255999999999998,0.6519999999999999,0.4,0.84
narrows,6,5.0,dense,medium,area_coverage,vcc,edge_density,10,10,1.0,10,1.0,1.22,2.0300000000000002,0.4044960000000001,1.452,0.44,2.48
narrows,6,5.0,dense,medium,area_coverage,vcc,vcc_num_visible_edges,10,10,1.0,10,25159.25,25371.0,25620.25,114799.04,25431.6,25027.0,26016.0
narrows,6,5.0,dense,medium,area_coverage,vcc,vcc_num_cliques,10,10,1.0,10,5.0,5.0,5.0,0.09,5.1,5.0,6.0
narrows,6,5.0,dense,medium,area_coverage,vcc,vcc_coverage_estimate,10,10,1.0,10,0.9724999999999999,0.98,0.9835,4.496000000000007e-05,0.9788,0.97,0.99
narrows,6,5.0,dense,medium,area_coverage,vcc,optimal_cost,10,10,1.0,10,101.34225067619832,105.98455760562416,117.51308815222743,247.78807463959728,103.45786027760646,74.89314258597778,119.15661053615108
narrows,6,5.0,dense,medium,area_coverage,vcc,relaxation_cost,10,10,1.0,10,61.3815600848728,66.05795782739033,72.00064349554538,212.09492026998745,70.17101655571176,58.233717647894906,111.07832215410362
narrows,6,5.0,dense,medium,area_coverage,vcc,rounded_cost,10,10,1.0,10,101.34225067619832,105.98455760562416,117.51308815222743,247.78807463959728,103.45786027760646,74.89314258597778,119.15661053615108
narrows,6,5.0,dense,medium,area_coverage,vcc,path_length,10,10,1.0,10,15.603348651190938,15.751662545204603,15.964257403695067,0.028507872397773294,15.775541117214464,15.591342129460761,16.000485850920256
narrows,6,5.0,dense,medium,area_coverage,vcc,min_clearance,10,10,1.0,10,0.0010022274828904722,0.0012086279223749905,0.0014410579209133136,8.178636337160901e-07,0.0015947832307425173,0.0009249711558911854,0.0035025881456896
narrows,6,5.0,dense,medium,area_coverage,vcc,mean_clearance,10,10,1.0,10,0.3908227113492894,0.3940265790153311,0.4095798716733236,0.0002381545722938832,0.3967156491041497,0.3723600124566468,0.41755731540520724
narrows,6,5.0,dense,medium,area_coverage,vcc,smoothness_proxy,10,10,1.0,10,0.001221379833270102,0.001321634267485283,0.0014801734278908237,3.122637514831449e-08,0.0013836341283623478,0.0011970835775334883,0.0017240166885184
narrows,6,5.0,dense,medium,area_coverage,vcc,max_speed_sampled,10,10,1.0,10,0.9828771971223529,1.0640678383903186,1.0652487113348195,0.0025383549804255984,1.032880252362079,0.9559828056370443,1.0700854273334508
narrows,6,5.0,dense,medium,area_coverage,vcc,num_active_regions,10,10,1.0,10,9.0,9.0,9.0,0.0,9.0,9.0,9.0
narrows,7,5.0,dense,medium,area_coverage,acd,success,1,1,1.0,1,1.0,1.0,1.0,0.0,1.0,1.0,1.0
narrows,7,5.0,dense,medium,area_coverage,acd,t_decomp,1,1,1.0,1,0.8241025500001342,0.8241025500001342,0.8241025500001342,0.0,0.8241025500001342,0.8241025500001342,0.8241025500001342
narrows,7,5.0,dense,medium,area_coverage,acd,t_solve,1,1,1.0,1,1.2002350339998884,1.2002350339998884,1.2002350339998884,0.0,1.2002350339998884,1.2002350339998884,1.2002350339998884
narrows,7,5.0,dense,medium,area_coverage,acd,t_model_build,1,1,1.0,1,0.02615771599994332,0.02615771599994332,0.02615771599994332,0.0,0.02615771599994332,0.02615771599994332,0.02615771599994332
narrows,7,5.0,dense,medium,area_coverage,acd,t_gcs_wall,1,1,1.0,1,1.1730718550006713,1.1730718550006713,1.1730718550006713,0.0,1.1730718550006713,1.1730718550006713,1.1730718550006713
narrows,7,5.0,dense,medium,area_coverage,acd,optimizer_time,1,1,1.0,1,0.038945307999711076,0.038945307999711076,0.038945307999711076,0.0,0.038945307999711076,0.038945307999711076,0.038945307999711076
narrows,7,5.0,dense,medium,area_coverage,acd,traj_time,1,1,1.0,1,22.498583777595336,22.498583777595336,22.498583777595336,0.0,22.498583777595336,22.498583777595336,22.498583777595336
narrows,7,5.0,dense,medium,area_coverage,acd,num_regions,1,1,1.0,1,16.0,16.0,16.0,0.0,16.0,16.0,16.0
narrows,7,5.0,dense,medium,area_coverage,acd,num_edges,1,1,1.0,1,24.0,24.0,24.0,0.0,24.0,24.0,24.0
narrows,7,5.0,dense,medium,area_coverage,acd,region_density,1,1,1.0,1,0.64,0.64,0.64,0.0,0.64,0.64,0.64
narrows,7,5.0,dense,medium,area_coverage,acd,edge_density,1,1,1.0,1,0.96,0.96,0.96,0.0,0.96,0.96,0.96
narrows,7,5.0,dense,medium,area_coverage,acd,optimal_cost,1,1,1.0,1,82.88163400187474,82.88163400187474,82.88163400187474,0.0,82.88163400187474,82.88163400187474,82.88163400187474
narrows,7,5.0,dense,medium,area_coverage,acd,relaxation_cost,1,1,1.0,1,82.8810076963897,82.8810076963897,82.8810076963897,0.0,82.8810076963897,82.8810076963897,82.8810076963897
narrows,7,5.0,dense,medium,area_coverage,acd,rounded_cost,1,1,1.0,1,82.88163400187474,82.88163400187474,82.88163400187474,0.0,82.88163400187474,82.88163400187474,82.88163400187474
narrows,7,5.0,dense,medium,area_coverage,acd,path_length,1,1,1.0,1,16.088886591622902,16.088886591622902,16.088886591622902,0.0,16.088886591622902,16.088886591622902,16.088886591622902
narrows,7,5.0,dense,medium,area_coverage,acd,min_clearance,1,1,1.0,1,0.0015572088318176471,0.0015572088318176471,0.0015572088318176471,0.0,0.0015572088318176471,0.0015572088318176471,0.0015572088318176471
narrows,7,5.0,dense,medium,area_coverage,acd,mean_clearance,1,1,1.0,1,0.30586451146380716,0.30586451146380716,0.30586451146380716,0.0,0.30586451146380716,0.30586451146380716,0.30586451146380716
narrows,7,5.0,dense,medium,area_coverage,acd,smoothness_proxy,1,1,1.0,1,0.001699045646289155,0.001699045646289155,0.001699045646289155,0.0,0.001699045646289155,0.001699045646289155,0.001699045646289155
narrows,7,5.0,dense,medium,area_coverage,acd,max_speed_sampled,1,1,1.0,1,1.0606350106938802,1.0606350106938802,1.0606350106938802,0.0,1.0606350106938802,1.0606350106938802,1.0606350106938802
narrows,7,5.0,dense,medium,area_coverage,acd,num_active_regions,1,1,1.0,1,13.0,13.0,13.0,0.0,13.0,13.0,13.0
narrows,7,5.0,dense,medium,area_coverage,vcc,success,10,10,1.0,10,1.0,1.0,1.0,0.0,1.0,1.0,1.0
narrows,7,5.0,dense,medium,area_coverage,vcc,t_decomp,10,10,1.0,10,18.027772979250358,19.557396215499466,19.921183505249928,2.3742346935511383,19.08049634359986,16.023722951999844,21.47825658399961
narrows,7,5.0,dense,medium,area_coverage,vcc,t_solve,10,10,1.0,10,1.6641778195003099,2.783880138499626,4.5966987382500974,2.9323053112308033,2.9921209866999563,0.4324334610000733,5.590971615999479
narrows,7,5.0,dense,medium,area_coverage,vcc,t_model_build,10,10,1.0,10,0.03532132674990862,0.04728659699958371,0.05260923074979473,0.00012719790710820437,0.04355903129990111,0.0206718119998186,0.057230366000112554
narrows,7,5.0,dense,medium,area_coverage,vcc,t_gcs_wall,10,10,1.0,10,1.6281063709998307,2.7355757240002276,4.5468211055001575,2.898994228525614,2.9477675664000342,0.41099497199957113,5.535764670999924
narrows,7,5.0,dense,medium,area_coverage,vcc,optimizer_time,10,10,1.0,10,0.0377791177504605,0.04866126700062523,0.052253518750376315,8.121377935459175e-05,0.04673127470023246,0.03470846799973515,0.06094439000025886
narrows,7,5.0,dense,medium,area_coverage,vcc,traj_time,10,10,1.0,10,23.596035317965754,24.817060695101304,28.641753908861304,8.428394595066582,25.45385904593654,21.29986520193336,29.111022268517104
narrows,7,5.0,dense,medium,area_coverage,vcc,num_regions,10,10,1.0,10,16.5,19.0,19.0,6.010000000000001,17.7,12.0,20.0
narrows,7,5.0,dense,medium,area_coverage,vcc,num_edges,10,10,1.0,10,34.0,47.0,50.75,151.16000000000003,42.2,17.0,56.0
narrows,7,5.0,dense,medium,area_coverage,vcc,region_density,10,10,1.0,10,0.66,0.76,0.76,0.009616000000000005,0.708,0.48,0.8
narrows,7,5.0,dense,medium,area_coverage,vcc,edge_density,10,10,1.0,10,1.3599999999999999,1.88,2.0300000000000002,0.24185600000000002,1.688,0.68,2.24
narrows,7,5.0,dense,medium,area_coverage,vcc,vcc_num_visible_edges,10,10,1.0,10,26448.0,26775.0,26968.25,115877.43999999999,26680.6,26108.0,27103.0
narrows,7,5.0,dense,medium,area_coverage,vcc,vcc_num_cliques,10,10,1.0,10,5.0,5.0,5.0,0.0,5.0,5.0,5.0
narrows,7,5.0,dense,medium,area_coverage,vcc,vcc_coverage_estimate,10,10,1.0,10,0.974,0.977,0.9795,9.440000000000018e-06,0.9763999999999999,0.972,0.98
narrows,7,5.0,dense,medium,area_coverage,vcc,optimal_cost,10,10,1.0,10,87.34880049972597,98.21633142126007,113.47651920562305,302.56844894207075,96.11634983733701,67.3524251205928,115.31329560759059
narrows,7,5.0,dense,medium,area_coverage,vcc,relaxation_cost,10,10,1.0,10,62.817178517844226,67.02765189571222,67.34319935250933,94.57750393461777,69.47725836028721,60.0601732584302,90.12859444941924
narrows,7,5.0,dense,medium,area_coverage,vcc,rounded_cost,10,10,1.0,10,87.34880049972597,98.21633142126007,113.47651920562305,302.56844894207075,96.11634983733701,67.3524251205928,115.31329560759059
narrows,7,5.0,dense,medium,area_coverage,vcc,path_length,10,10,1.0,10,15.855511926527967,16.205823949925318,16.38678585962054,0.08558525262909135,16.105198168441596,15.654996784155571,16.435721625409663
narrows,7,5.0,dense,medium,area_coverage,vcc,min_clearance,10,10,1.0,10,0.0013576550606481108,0.0016721922981376006,0.0024746576820574573,6.62473167288991e-07,0.0018600052117199804,0.0006702356894607852,0.0034573890519451474
narrows,7,5.0,dense,medium,area_coverage,vcc,mean_clearance,10,10,1.0,10,0.4401762777683521,0.4890676284226576,0.5047511749205812,0.0018837117913957653,0.47209057491397005,0.399616474502553,0.527117242658117
narrows,7,5.0,dense,medium,area_coverage,vcc,smoothness_proxy,10,10,1.0,10,0.0012019440559640805,0.0012285717707348643,0.0014820706158760978,2.098615876790676e-08,0.0013202473173724728,0.001163239287594835,0.0015262289653984354
narrows,7,5.0,dense,medium,area_coverage,vcc,max_speed_sampled,10,10,1.0,10,0.9757955113113403,1.0435123385145424,1.0563177343411687,0.0020893022378773198,1.0254198915294734,0.9597276531578045,1.0812718240683232
narrows,7,5.0,dense,medium,area_coverage,vcc,num_active_regions,10,10,1.0,10,9.0,9.0,9.0,0.0,9.0,9.0,9.0
narrows,8,5.0,dense,medium,area_coverage,acd,success,1,1,1.0,1,1.0,1.0,1.0,0.0,1.0,1.0,1.0
narrows,8,5.0,dense,medium,area_coverage,acd,t_decomp,1,1,1.0,1,0.8756397690003723,0.8756397690003723,0.8756397690003723,0.0,0.8756397690003723,0.8756397690003723,0.8756397690003723
narrows,8,5.0,dense,medium,area_coverage,acd,t_solve,1,1,1.0,1,0.7852580590006255,0.7852580590006255,0.7852580590006255,0.0,0.7852580590006255,0.7852580590006255,0.7852580590006255
narrows,8,5.0,dense,medium,area_coverage,acd,t_model_build,1,1,1.0,1,0.02324646900069638,0.02324646900069638,0.02324646900069638,0.0,0.02324646900069638,0.02324646900069638,0.02324646900069638
narrows,8,5.0,dense,medium,area_coverage,acd,t_gcs_wall,1,1,1.0,1,0.7611382880004385,0.7611382880004385,0.7611382880004385,0.0,0.7611382880004385,0.7611382880004385,0.7611382880004385
narrows,8,5.0,dense,medium,area_coverage,acd,optimizer_time,1,1,1.0,1,0.038613687999713875,0.038613687999713875,0.038613687999713875,0.0,0.038613687999713875,0.038613687999713875,0.038613687999713875
narrows,8,5.0,dense,medium,area_coverage,acd,traj_time,1,1,1.0,1,23.891815255902817,23.891815255902817,23.891815255902817,0.0,23.891815255902817,23.891815255902817,23.891815255902817
narrows,8,5.0,dense,medium,area_coverage,acd,num_regions,1,1,1.0,1,15.0,15.0,15.0,0.0,15.0,15.0,15.0
narrows,8,5.0,dense,medium,area_coverage,acd,num_edges,1,1,1.0,1,21.0,21.0,21.0,0.0,21.0,21.0,21.0
narrows,8,5.0,dense,medium,area_coverage,acd,region_density,1,1,1.0,1,0.6,0.6,0.6,0.0,0.6,0.6,0.6
narrows,8,5.0,dense,medium,area_coverage,acd,edge_density,1,1,1.0,1,0.84,0.84,0.84,0.0,0.84,0.84,0.84
narrows,8,5.0,dense,medium,area_coverage,acd,optimal_cost,1,1,1.0,1,89.86583481248047,89.86583481248047,89.86583481248047,0.0,89.86583481248047,89.86583481248047,89.86583481248047
narrows,8,5.0,dense,medium,area_coverage,acd,relaxation_cost,1,1,1.0,1,88.34681495353895,88.34681495353895,88.34681495353895,0.0,88.34681495353895,88.34681495353895,88.34681495353895
narrows,8,5.0,dense,medium,area_coverage,acd,rounded_cost,1,1,1.0,1,89.86583481248047,89.86583481248047,89.86583481248047,0.0,89.86583481248047,89.86583481248047,89.86583481248047
narrows,8,5.0,dense,medium,area_coverage,acd,path_length,1,1,1.0,1,16.323699086517536,16.323699086517536,16.323699086517536,0.0,16.323699086517536,16.323699086517536,16.323699086517536
narrows,8,5.0,dense,medium,area_coverage,acd,min_clearance,1,1,1.0,1,0.0016355463622863553,0.0016355463622863553,0.0016355463622863553,0.0,0.0016355463622863553,0.0016355463622863553,0.0016355463622863553
narrows,8,5.0,dense,medium,area_coverage,acd,mean_clearance,1,1,1.0,1,0.2671441165571217,0.2671441165571217,0.2671441165571217,0.0,0.2671441165571217,0.2671441165571217,0.2671441165571217
narrows,8,5.0,dense,medium,area_coverage,acd,smoothness_proxy,1,1,1.0,1,0.0022789185433012516,0.0022789185433012516,0.0022789185433012516,0.0,0.0022789185433012516,0.0022789185433012516,0.0022789185433012516
narrows,8,5.0,dense,medium,area_coverage,acd,max_speed_sampled,1,1,1.0,1,1.0756140573141322,1.0756140573141322,1.0756140573141322,0.0,1.0756140573141322,1.0756140573141322,1.0756140573141322
narrows,8,5.0,dense,medium,area_coverage,acd,num_active_regions,1,1,1.0,1,13.0,13.0,13.0,0.0,13.0,13.0,13.0
narrows,8,5.0,dense,medium,area_coverage,vcc,success,10,9,0.9,10,1.0,1.0,1.0,0.09000000000000001,0.9,0.0,1.0
narrows,8,5.0,dense,medium,area_coverage,vcc,t_decomp,10,9,0.9,10,15.575107963250503,16.684145397499833,17.84738805925008,7.061911194639443,17.02456294040012,13.237915576999512,21.719901716000095
narrows,8,5.0,dense,medium,area_coverage,vcc,t_solve,10,9,0.9,9,0.5524496189991623,0.8266772750002929,1.171330363999914,2.173542039450673,1.4241339184443658,0.15436819899969123,4.956078119999802
narrows,8,5.0,dense,medium,area_coverage,vcc,t_model_build,10,9,0.9,9,0.02317709700037085,0.024946260999968217,0.035395287000028475,0.00025921231509908445,0.032001359555680314,0.011088201000347908,0.06569387200033816
narrows,8,5.0,dense,medium,area_coverage,vcc,t_gcs_wall,10,9,0.9,9,0.5292160230001173,0.7978519850003067,1.1352656239996577,2.1277169773289923,1.3913922325554167,0.14260692700008804,4.889646613999503
narrows,8,5.0,dense,medium,area_coverage,vcc,optimizer_time,10,9,0.9,9,0.036525615999380534,0.038072098000156984,0.045103454000127385,3.918242109128949e-05,0.04049417444437293,0.03245008300018526,0.052174235000165936
narrows,8,5.0,dense,medium,area_coverage,vcc,traj_time,10,9,0.9,9,26.407997309470595,27.080905533356272,30.56405692452235,4.841494917778297,28.198958994588722,24.87805201621097,30.564141210625827
narrows,8,5.0,dense,medium,area_coverage,vcc,num_regions,10,9,0.9,10,13.0,13.0,15.5,19.810000000000002,13.7,5.0,21.0
narrows,8,5.0,dense,medium,area_coverage,vcc,num_edges,10,9,0.9,10,20.25,22.0,31.75,332.76000000000005,26.8,0.0,66.0
narrows,8,5.0,dense,medium,area_coverage,vcc,region_density,10,9,0.9,10,0.52,0.52,0.62,0.03169600000000001,0.5479999999999998,0.2,0.84
narrows,8,5.0,dense,medium,area_coverage,vcc,edge_density,10,9,0.9,10,0.81,0.88,1.27,0.5324160000000001,1.072,0.0,2.64
narrows,8,5.0,dense,medium,area_coverage,vcc,vcc_num_visible_edges,10,9,0.9,10,26085.25,26318.5,26787.25,307412.83999999997,26400.6,25588.0,27532.0
narrows,8,5.0,dense,medium,area_coverage,vcc,vcc_num_cliques,10,9,0.9,10,5.0,5.0,5.0,0.09,5.1,5.0,6.0
narrows,8,5.0,dense,medium,area_coverage,vcc,vcc_coverage_estimate,10,9,0.9,10,0.97,0.972,0.974,4.6440000000000084e-05,0.9734,0.964,0.99
narrows,8,5.0,dense,medium,area_coverage,vcc,optimal_cost,10,9,0.9,9,98.99817024047705,106.68776868479105,118.82770176820758,124.3921366267964,107.78502689875917,90.24171583697063,118.82793806574801
narrows,8,5.0,dense,medium,area_coverage,vcc,relaxation_cost,10,9,0.9,9,77.65558370464363,79.33464645571566,88.12535352096032,269.5454593099845,82.33697423602636,56.8016519093863,118.82793842364654
narrows,8,5.0,dense,medium,area_coverage,vcc,rounded_cost,10,9,0.9,9,98.99817024047705,106.68776868479105,118.82770176820758,124.3921366267964,107.78502689875917,90.24171583697063,118.82793806574801
narrows,8,5.0,dense,medium,area_coverage,vcc,path_length,10,9,0.9,9,15.553103597628398,15.60745875287029,15.761369599267153,0.018134299068073796,15.628699136925121,15.38962318123477,15.761378523533185
narrows,8,5.0,dense,medium,area_coverage,vcc,min_clearance,10,9,0.9,9,0.0013670435102595135,0.00372790419862401,0.003734400824135342,2.648468332803851e-06,0.003148044882706468,0.0007265101371474181,0.005229355751473763
narrows,8,5.0,dense,medium,area_coverage,vcc,mean_clearance,10,9,0.9,9,0.37731481228057945,0.37731990250226344,0.41284969197703103,0.0010727327155829432,0.37869613019465326,0.3217461678208543,0.4204570654246291
narrows,8,5.0,dense,medium,area_coverage,vcc,smoothness_proxy,10,9,0.9,9,0.0010813803901206262,0.0012057767785453068,0.0015262759950804314,4.3188010760839e-08,0.0012888884258600674,0.0010813751605732553,0.0015270535729385083
narrows,8,5.0,dense,medium,area_coverage,vcc,max_speed_sampled,10,9,0.9,9,0.9182424503237626,1.0240762886395747,1.025643518297056,0.0035524405963880974,0.9831802520529054,0.9182371045226096,1.0708413516703186
narrows,8,5.0,dense,medium,area_coverage,vcc,num_active_regions,10,9,0.9,9,9.0,9.0,9.0,0.0,9.0,9.0,9.0
narrows,9,5.0,dense,medium,area_coverage,acd,success,1,1,1.0,1,1.0,1.0,1.0,0.0,1.0,1.0,1.0
narrows,9,5.0,dense,medium,area_coverage,acd,t_decomp,1,1,1.0,1,0.8132672659994569,0.8132672659994569,0.8132672659994569,0.0,0.8132672659994569,0.8132672659994569,0.8132672659994569
narrows,9,5.0,dense,medium,area_coverage,acd,t_solve,1,1,1.0,1,0.7179359299998396,0.7179359299998396,0.7179359299998396,0.0,0.7179359299998396,0.7179359299998396,0.7179359299998396
narrows,9,5.0,dense,medium,area_coverage,acd,t_model_build,1,1,1.0,1,0.02411930800008122,0.02411930800008122,0.02411930800008122,0.0,0.02411930800008122,0.02411930800008122,0.02411930800008122
narrows,9,5.0,dense,medium,area_coverage,acd,t_gcs_wall,1,1,1.0,1,0.692932068999653,0.692932068999653,0.692932068999653,0.0,0.692932068999653,0.692932068999653,0.692932068999653
narrows,9,5.0,dense,medium,area_coverage,acd,optimizer_time,1,1,1.0,1,0.03163401000074373,0.03163401000074373,0.03163401000074373,0.0,0.03163401000074373,0.03163401000074373,0.03163401000074373
narrows,9,5.0,dense,medium,area_coverage,acd,traj_time,1,1,1.0,1,23.995924639132735,23.995924639132735,23.995924639132735,0.0,23.995924639132735,23.995924639132735,23.995924639132735
narrows,9,5.0,dense,medium,area_coverage,acd,num_regions,1,1,1.0,1,15.0,15.0,15.0,0.0,15.0,15.0,15.0
narrows,9,5.0,dense,medium,area_coverage,acd,num_edges,1,1,1.0,1,20.0,20.0,20.0,0.0,20.0,20.0,20.0
narrows,9,5.0,dense,medium,area_coverage,acd,region_density,1,1,1.0,1,0.6,0.6,0.6,0.0,0.6,0.6,0.6
narrows,9,5.0,dense,medium,area_coverage,acd,edge_density,1,1,1.0,1,0.8,0.8,0.8,0.0,0.8,0.8,0.8
narrows,9,5.0,dense,medium,area_coverage,acd,optimal_cost,1,1,1.0,1,102.96208812887096,102.96208812887096,102.96208812887096,0.0,102.96208812887096,102.96208812887096,102.96208812887096
narrows,9,5.0,dense,medium,area_coverage,acd,relaxation_cost,1,1,1.0,1,100.91923813222179,100.91923813222179,100.91923813222179,0.0,100.91923813222179,100.91923813222179,100.91923813222179
narrows,9,5.0,dense,medium,area_coverage,acd,rounded_cost,1,1,1.0,1,102.96208812887096,102.96208812887096,102.96208812887096,0.0,102.96208812887096,102.96208812887096,102.96208812887096
narrows,9,5.0,dense,medium,area_coverage,acd,path_length,1,1,1.0,1,15.265848753463443,15.265848753463443,15.265848753463443,0.0,15.265848753463443,15.265848753463443,15.265848753463443
narrows,9,5.0,dense,medium,area_coverage,acd,min_clearance,1,1,1.0,1,0.0003464427374000323,0.0003464427374000323,0.0003464427374000323,0.0,0.0003464427374000323,0.0003464427374000323,0.0003464427374000323
narrows,9,5.0,dense,medium,area_coverage,acd,mean_clearance,1,1,1.0,1,0.3164399632796059,0.3164399632796059,0.3164399632796059,0.0,0.3164399632796059,0.3164399632796059,0.3164399632796059
narrows,9,5.0,dense,medium,area_coverage,acd,smoothness_proxy,1,1,1.0,1,0.0013961918439406354,0.0013961918439406354,0.0013961918439406354,0.0,0.0013961918439406354,0.0013961918439406354,0.0013961918439406354
narrows,9,5.0,dense,medium,area_coverage,acd,max_speed_sampled,1,1,1.0,1,1.0678416453199928,1.0678416453199928,1.0678416453199928,0.0,1.0678416453199928,1.0678416453199928,1.0678416453199928
narrows,9,5.0,dense,medium,area_coverage,acd,num_active_regions,1,1,1.0,1,11.0,11.0,11.0,0.0,11.0,11.0,11.0
narrows,9,5.0,dense,medium,area_coverage,vcc,success,10,10,1.0,10,1.0,1.0,1.0,0.0,1.0,1.0,1.0
narrows,9,5.0,dense,medium,area_coverage,vcc,t_decomp,10,10,1.0,10,17.804652138750043,18.21890140200003,19.40486529724967,1.625457612511554,18.634256332999847,16.51552182499927,20.88646532799976
narrows,9,5.0,dense,medium,area_coverage,vcc,t_solve,10,10,1.0,10,1.3394889157498255,2.214885036499709,3.250370844750023,1.8663718964208207,2.4166765544000555,0.6541264410006988,5.26973653999994
narrows,9,5.0,dense,medium,area_coverage,vcc,t_model_build,10,10,1.0,10,0.030063530500228808,0.03833188799990239,0.04625546749957721,0.00010485731966925986,0.03913951519989496,0.02552470099999482,0.056269873999553965
narrows,9,5.0,dense,medium,area_coverage,vcc,t_gcs_wall,10,10,1.0,10,1.305774774250267,2.1741274845003318,3.206281046750064,1.8418493126766926,2.3767371218000335,0.6279498100002456,5.217360923999877
narrows,9,5.0,dense,medium,area_coverage,vcc,optimizer_time,10,10,1.0,10,0.03956083975003821,0.04593184999976074,0.05609891874951245,8.815356634752516e-05,0.047135339299802584,0.034309108999877935,0.06254654799977288
narrows,9,5.0,dense,medium,area_coverage,vcc,traj_time,10,10,1.0,10,24.852684346351495,25.947084745474548,27.29081513229328,6.924925069610914,25.982871507485356,21.173791947641668,29.877910172730004
narrows,9,5.0,dense,medium,area_coverage,vcc,num_regions,10,10,1.0,10,15.25,16.5,17.75,5.04,16.6,13.0,21.0
narrows,9,5.0,dense,medium,area_coverage,vcc,num_edges,10,10,1.0,10,28.0,36.5,45.75,122.61000000000001,37.7,23.0,57.0
narrows,9,5.0,dense,medium,area_coverage,vcc,region_density,10,10,1.0,10,0.61,0.66,0.71,0.008063999999999998,0.6639999999999999,0.52,0.84
narrows,9,5.0,dense,medium,area_coverage,vcc,edge_density,10,10,1.0,10,1.12,1.46,1.83,0.196176,1.5079999999999998,0.92,2.28
narrows,9,5.0,dense,medium,area_coverage,vcc,vcc_num_visible_edges,10,10,1.0,10,26029.0,26389.5,26780.0,174613.2,26420.0,25816.0,27029.0
narrows,9,5.0,dense,medium,area_coverage,vcc,vcc_num_cliques,10,10,1.0,10,5.0,5.0,5.0,0.0,5.0,5.0,5.0
narrows,9,5.0,dense,medium,area_coverage,vcc,vcc_coverage_estimate,10,10,1.0,10,0.9764999999999999,0.979,0.9835,1.9240000000000033e-05,0.9794,0.972,0.986
narrows,9,5.0,dense,medium,area_coverage,vcc,optimal_cost,10,10,1.0,10,99.2078538305903,105.6425197065571,109.61615174345093,158.0714244733437,102.83304348853535,72.679703497613,116.9089162684042
narrows,9,5.0,dense,medium,area_coverage,vcc,relaxation_cost,10,10,1.0,10,61.68032880089419,67.00266596622986,71.25702121810559,184.56981827600276,71.1973474719193,59.23054156154457,97.48016927350912
narrows,9,5.0,dense,medium,area_coverage,vcc,rounded_cost,10,10,1.0,10,99.2078538305903,105.6425197065571,109.61615174345093,158.0714244733437,102.83304348853535,72.679703497613,116.9089162684042
narrows,9,5.0,dense,medium,area_coverage,vcc,path_length,10,10,1.0,10,16.25841566328485,16.378007834272047,16.50511945811323,0.0336128723552617,16.37694336111649,16.00418386538782,16.623693591468736
narrows,9,5.0,dense,medium,area_coverage,vcc,min_clearance,10,10,1.0,10,0.0003664893520453627,0.0009440929448902845,0.0019565927241166543,2.0660140355065477e-06,0.0015158528891923895,9.003799083595608e-05,0.004122562497521853
narrows,9,5.0,dense,medium,area_coverage,vcc,mean_clearance,10,10,1.0,10,0.45307726772710544,0.47214625038397,0.4762000806873714,0.0003318361187080841,0.4661643986412427,0.4274826942762185,0.49141972245583754
narrows,9,5.0,dense,medium,area_coverage,vcc,smoothness_proxy,10,10,1.0,10,0.0012859575871872321,0.001380371282398048,0.0013849902329954962,9.910550108807782e-09,0.00135666787472048,0.001223250691864847,0.0015754740625542427
narrows,9,5.0,dense,medium,area_coverage,vcc,max_speed_sampled,10,10,1.0,10,1.052551934304479,1.0578579826518413,1.0586565924164628,0.001734326761599229,1.0397134310153016,0.9577414502685109,1.0810493889536095
narrows,9,5.0,dense,medium,area_coverage,vcc,num_active_regions,10,10,1.0,10,9.0,9.0,9.0,0.0,9.0,9.0,9.0
